id,psnr,ssim,frac_out_of_range,lpips
000006.npy,28.206138610839844,0.6558589935302734,0.0,0.3288450539112091
000019.npy,23.314817428588867,0.8060579299926758,0.0,0.12941567599773407
000067.npy,25.944828033447266,0.704771876335144,0.0,0.27382808923721313
000069.npy,32.12744903564453,0.9097808599472046,0.0,0.10533127188682556
000071.npy,32.325164794921875,0.9166428446769714,0.0,0.0979895368218422
000072.npy,25.052125930786133,0.7228178381919861,0.0,0.23174098134040833
000088.npy,35.17787170410156,0.9310017824172974,0.0,0.14727048575878143
000123.npy,29.533668518066406,0.8993053436279297,0.0,0.13049562275409698
000152.npy,22.572423934936523,0.5772622227668762,0.0,0.3895869851112366
000176.npy,23.909711837768555,0.6609253883361816,0.0,0.31642043590545654
000180.npy,35.53043746948242,0.9353238940238953,0.0,0.17087511718273163
000198.npy,26.854629516601562,0.7399569153785706,0.0,0.24911284446716309
000199.npy,26.197101593017578,0.7147005200386047,0.0,0.2695809304714203
000219.npy,30.980051040649414,0.8477469086647034,0.0,0.12354690581560135
000243.npy,35.295413970947266,0.9533810019493103,0.0,0.0850558876991272
000253.npy,28.7779541015625,0.8371054530143738,0.0,0.24543295800685883
000259.npy,20.780418395996094,0.7281839847564697,0.0,0.22291406989097595
000263.npy,27.552492141723633,0.7916004061698914,0.0,0.17360156774520874
000284.npy,22.4393310546875,0.6501440405845642,0.0,0.32414963841438293
000348.npy,28.221721649169922,0.8418641090393066,0.0,0.20681177079677582
000366.npy,28.179237365722656,0.8226416707038879,0.0,0.20503544807434082
000367.npy,28.31139373779297,0.8282948732376099,0.0,0.2029515653848648
000380.npy,27.737010955810547,0.8558986783027649,0.0,0.2024139016866684
000381.npy,25.791973114013672,0.4469470679759979,0.0,0.7815456390380859
000410.npy,33.519378662109375,0.8446466326713562,0.0,0.26906058192253113
000421.npy,29.567626953125,0.6614024043083191,0.0,0.36685022711753845
000432.npy,29.738807678222656,0.8357622623443604,0.0,0.2004009485244751
000437.npy,31.352455139160156,0.8757653832435608,0.0,0.17722217738628387
000440.npy,27.209081649780273,0.7326012253761292,0.0,0.30795082449913025
000447.npy,29.325408935546875,0.7932859063148499,0.0,0.31326985359191895
000473.npy,30.88294219970703,0.8860078454017639,0.0,0.20582926273345947
000497.npy,23.786029815673828,0.6447155475616455,0.0,0.31942635774612427
000501.npy,25.06203842163086,0.6082834601402283,0.0,0.27078086137771606
000508.npy,31.8233699798584,0.9394994378089905,0.0,0.16951270401477814
000538.npy,33.02638244628906,0.9059779047966003,0.0,0.1624073088169098
000554.npy,31.077789306640625,0.8524788618087769,0.0,0.2155366837978363
000557.npy,36.51512145996094,0.9420290589332581,0.0,0.06169319525361061
000559.npy,35.58803939819336,0.939437210559845,0.0,0.07261303067207336
000579.npy,23.452613830566406,0.6973975896835327,0.0,0.371006578207016
000583.npy,28.930614471435547,0.8774640560150146,0.0,0.0946715921163559
000618.npy,26.723976135253906,0.637452244758606,0.0,0.3412918746471405
000634.npy,30.438663482666016,0.8624681830406189,0.0,0.2499236762523651
000655.npy,26.740222930908203,0.7680382132530212,0.0,0.17774875462055206
000683.npy,28.049663543701172,0.882594645023346,0.0,0.13556666672229767
000687.npy,28.37548065185547,0.7853990197181702,0.0,0.241805762052536
000690.npy,25.09800148010254,0.8281424045562744,0.0,0.13502413034439087
000706.npy,20.649627685546875,0.24161475896835327,0.0,0.8136453628540039
000717.npy,20.496337890625,0.727348268032074,0.0,0.20634901523590088
000719.npy,20.272125244140625,0.7195777297019958,0.0,0.2137165069580078
000722.npy,26.239927291870117,0.8795068264007568,0.0,0.09872762113809586
000780.npy,20.788475036621094,0.670558750629425,0.0,0.32695263624191284
000783.npy,30.088529586791992,0.752311646938324,0.0,0.4895128905773163
000791.npy,36.03786849975586,0.9362470507621765,0.0,0.14359889924526215
000800.npy,23.98137092590332,0.3053927421569824,0.0,0.6918711066246033
000834.npy,23.39501190185547,0.7830035090446472,0.0,0.26619598269462585
000853.npy,21.928604125976562,0.5854490995407104,0.0,0.4212278127670288
000871.npy,23.157901763916016,0.3024621903896332,0.0,0.6542820930480957
000875.npy,26.29159927368164,0.6763840317726135,0.0,0.3215824365615845
000887.npy,29.6192569732666,0.8751481771469116,0.0,0.12603098154067993
000902.npy,26.32894515991211,0.789769172668457,0.0,0.15943562984466553
000906.npy,33.09839630126953,0.7432961463928223,0.0,0.3523986041545868
000920.npy,27.060562133789062,0.8226125836372375,0.0,0.17979156970977783
000925.npy,30.480358123779297,0.6753283143043518,0.0,0.403708279132843
000945.npy,32.27253341674805,0.9310684204101562,0.0,0.1020452156662941
000951.npy,33.78205108642578,0.8984803557395935,0.0,0.1370897889137268
000969.npy,23.941120147705078,0.5989338755607605,0.0,0.32377636432647705
000995.npy,32.20880889892578,0.6897777915000916,0.0,0.40502190589904785
000998.npy,29.64740753173828,0.8534560799598694,0.0,0.14586514234542847
000999.npy,30.07673454284668,0.8747566342353821,0.0,0.12913314998149872
001003.npy,26.394155502319336,0.5032188892364502,0.0,0.4651489853858948
001013.npy,29.862682342529297,0.9248102307319641,0.0,0.12499356269836426
001021.npy,25.030261993408203,0.678193986415863,0.0,0.24544116854667664
001030.npy,30.510040283203125,0.7854171395301819,0.0,0.3054932951927185
001077.npy,26.43345832824707,0.6513211131095886,0.0,0.30608612298965454
001083.npy,35.09330368041992,0.8544515371322632,0.0,0.24014124274253845
001110.npy,22.591772079467773,0.8053116202354431,0.0,0.15779875218868256
001177.npy,24.713842391967773,0.7941786050796509,0.0,0.22778750956058502
001187.npy,25.51241683959961,0.7397560477256775,0.0,0.22711752355098724
001188.npy,21.983642578125,0.5363279581069946,0.0,0.4261438846588135
001225.npy,34.22361755371094,0.881646454334259,0.0,0.17146830260753632
001233.npy,32.29350662231445,0.9007593989372253,0.0,0.10316620767116547
001250.npy,27.730411529541016,0.6195970773696899,0.0,0.3006395697593689
001254.npy,27.0924015045166,0.785576343536377,0.0,0.2686820924282074
001260.npy,20.65194320678711,0.7232148051261902,0.0,0.14710822701454163
001261.npy,33.768035888671875,0.9290869832038879,0.0,0.10496964305639267
001289.npy,23.487934112548828,0.7323497533798218,0.0,0.20053759217262268
001295.npy,29.459300994873047,0.78105628490448,0.0,0.33820289373397827
001340.npy,29.711753845214844,0.8013783693313599,0.0,0.3164965510368347
001390.npy,32.77871322631836,0.7307835817337036,0.0,0.3885142505168915
001393.npy,28.728866577148438,0.6901580691337585,0.0,0.40754416584968567
001399.npy,24.167984008789062,0.5184611678123474,0.0,0.3388800621032715
001407.npy,36.98984909057617,0.8996309041976929,0.0,0.26025304198265076
001419.npy,26.535053253173828,0.7558268904685974,0.0,0.2441590428352356
001423.npy,29.698637008666992,0.8264808058738708,0.0,0.2910955250263214
001435.npy,36.328128814697266,0.94599449634552,0.0,0.06626727432012558
001453.npy,30.20380210876465,0.8101942539215088,0.0,0.19143082201480865
001479.npy,29.68413543701172,0.8544865250587463,0.0,0.15689006447792053
001496.npy,29.831966400146484,0.8815879821777344,0.0,0.19318567216396332
001546.npy,30.776071548461914,0.8343555331230164,0.0,0.2050432711839676
001555.npy,25.47355842590332,0.720411479473114,0.0,0.2821241319179535
001563.npy,25.253726959228516,0.8359298706054688,0.0,0.14824150502681732
001577.npy,35.4405517578125,0.9342393279075623,0.0,0.12441323697566986
001588.npy,29.430435180664062,0.6195178627967834,0.0,0.4096575379371643
001609.npy,27.038990020751953,0.7885854840278625,0.0,0.1690899133682251
001619.npy,30.393230438232422,0.8028436899185181,0.0,0.21980459988117218
001623.npy,31.197715759277344,0.8666681051254272,0.0,0.19091400504112244
001639.npy,22.385784149169922,0.7467710375785828,0.0,0.2627691328525543
001683.npy,27.280818939208984,0.9077773094177246,0.0,0.11759281158447266
001705.npy,33.24620056152344,0.9013698101043701,0.0,0.18683287501335144
001707.npy,34.66685485839844,0.921800971031189,0.0,0.1258072406053543
001727.npy,23.06378173828125,0.660301685333252,0.0,0.2441439926624298
001766.npy,28.21914291381836,0.45698636770248413,0.0,0.5325172543525696
001780.npy,28.000080108642578,0.7777228951454163,0.0,0.3584163188934326
001794.npy,22.406723022460938,0.5902395844459534,0.0,0.2970869541168213
001828.npy,27.929458618164062,0.5930785536766052,0.0,0.37091660499572754
001865.npy,32.24568176269531,0.8184730410575867,0.0,0.2572189271450043
001893.npy,23.7702579498291,0.7045643925666809,0.0,0.24928492307662964
001921.npy,23.63452911376953,0.6235963702201843,0.0,0.2764776349067688
001922.npy,23.17448616027832,0.598864734172821,0.0,0.30674654245376587
001927.npy,23.852703094482422,0.22625762224197388,0.0,0.7213745713233948
001951.npy,27.019670486450195,0.8549900054931641,0.0,0.18633374571800232
001969.npy,29.133298873901367,0.5805569291114807,0.0,0.4619112014770508
001984.npy,30.612585067749023,0.8217270374298096,0.0,0.18221348524093628
001988.npy,32.423404693603516,0.954980194568634,0.0,0.07723187655210495
002010.npy,30.06072998046875,0.7195780873298645,0.0,0.3422791361808777
002019.npy,23.093677520751953,0.659127950668335,0.0,0.33811402320861816
002052.npy,25.31160545349121,0.8606562614440918,0.0,0.1640348881483078
002054.npy,24.759979248046875,0.7462090253829956,0.0,0.24843333661556244
002060.npy,23.175518035888672,0.7943302989006042,0.0,0.19577209651470184
002070.npy,36.81671905517578,0.9310970902442932,0.0,0.09932050853967667
002121.npy,27.061996459960938,0.6982735991477966,0.0,0.20237253606319427
002132.npy,25.989070892333984,0.7743738293647766,0.0,0.21527862548828125
002159.npy,28.022939682006836,0.666376531124115,0.0,0.34996649622917175
002181.npy,28.297395706176758,0.8267964720726013,0.0,0.15160556137561798
002182.npy,27.556554794311523,0.8144876956939697,0.0,0.14607088267803192
002183.npy,28.067407608032227,0.8297625780105591,0.0,0.1379849910736084
002188.npy,21.590801239013672,0.6516814231872559,0.0,0.2696358859539032
002191.npy,24.762874603271484,0.790288507938385,0.0,0.28440019488334656
002197.npy,32.71147155761719,0.8788506388664246,0.0,0.1143421083688736
002200.npy,23.947879791259766,0.6039369702339172,0.0,0.4258872866630554
002203.npy,25.915681838989258,0.7663495540618896,0.0,0.18179400265216827
002228.npy,21.45827865600586,0.7310801148414612,0.0,0.21544966101646423
002237.npy,23.296981811523438,0.7731205224990845,0.0,0.22084949910640717
002271.npy,33.017791748046875,0.8645661473274231,0.0,0.180088073015213
002286.npy,23.44182586669922,0.7324991226196289,0.0,0.24882233142852783
002290.npy,29.2406005859375,0.8459117412567139,0.0,0.18741846084594727
002291.npy,29.0111141204834,0.8348843455314636,0.0,0.20552805066108704
002323.npy,24.414291381835938,0.7870556712150574,0.0,0.20767325162887573
002332.npy,27.673643112182617,0.5562497973442078,0.0,0.3440161645412445
002350.npy,25.867034912109375,0.6878294944763184,0.0,0.24861623346805573
002360.npy,19.89889907836914,0.6894292831420898,0.0,0.23747363686561584
002367.npy,31.673789978027344,0.9458252191543579,0.0,0.09228880703449249
002369.npy,32.993446350097656,0.9040156602859497,0.0,0.1268010288476944
002373.npy,28.37881851196289,0.8487335443496704,0.0,0.192417174577713
002391.npy,25.431766510009766,0.6031294465065002,0.0,0.4256730079650879
002401.npy,21.001033782958984,0.5847263932228088,0.0,0.28095680475234985
002415.npy,34.37928009033203,0.9150676131248474,0.0,0.1989310085773468
002439.npy,20.449419021606445,0.21731415390968323,0.0,0.8664185404777527
002470.npy,29.45322036743164,0.6648449301719666,0.0,0.3506803512573242
002473.npy,17.613937377929688,0.7214624285697937,0.0,0.25005125999450684
002477.npy,33.559749603271484,0.9118492007255554,0.0,0.10769107192754745
002501.npy,25.237957000732422,0.6278578639030457,0.0,0.3139282763004303
002533.npy,18.412593841552734,0.4824647903442383,0.0,0.5367324352264404
002535.npy,18.158309936523438,0.46969589591026306,0.0,0.5475944876670837
002539.npy,10.85727310180664,0.24011734127998352,0.0,0.8872091174125671
002542.npy,18.53795623779297,0.8314824104309082,0.0,0.2057897299528122
002548.npy,25.847013473510742,0.7281265258789062,0.0,0.19167059659957886
002632.npy,25.240013122558594,0.7552350759506226,0.0,0.1946028172969818
002636.npy,22.29936981201172,0.7823476791381836,0.0,0.23635870218276978
002649.npy,24.5667724609375,0.33964312076568604,0.0,0.6294512152671814
002693.npy,35.76188659667969,0.9278658628463745,0.0,0.08164247870445251
002700.npy,25.46142578125,0.7069924473762512,0.0,0.21211348474025726
002705.npy,23.867610931396484,0.8282872438430786,0.0,0.17593547701835632
002713.npy,20.450288772583008,0.3277619779109955,0.0,0.7118829488754272
002714.npy,20.991744995117188,0.31683480739593506,0.0,0.7381749749183655
002751.npy,25.516355514526367,0.6612034440040588,0.0,0.24832630157470703
002768.npy,29.268814086914062,0.9081959128379822,0.0,0.16445280611515045
002784.npy,27.449254989624023,0.7516372203826904,0.0,0.2357853800058365
002786.npy,25.369739532470703,0.7509713172912598,0.0,0.1646706610918045
002844.npy,25.816144943237305,0.5667744874954224,0.0,0.36996302008628845
002847.npy,30.609451293945312,0.7702859044075012,0.0,0.3245951533317566
002880.npy,33.52530288696289,0.8537798523902893,0.0,0.3663471043109894
002909.npy,29.72549819946289,0.6828647255897522,0.0,0.3565088212490082
002932.npy,27.81574058532715,0.8117892742156982,0.0,0.16654226183891296
002937.npy,27.02448272705078,0.6663947701454163,0.0,0.28922808170318604
002972.npy,33.868892669677734,0.9126331806182861,0.0,0.08326777070760727
002985.npy,25.97632598876953,0.44534963369369507,0.0,0.3520508110523224
003004.npy,25.524137496948242,0.7777076363563538,0.0,0.194125235080719
003015.npy,35.20062255859375,0.9508485198020935,0.0,0.16721616685390472
003017.npy,27.897653579711914,0.4423476457595825,0.0,0.6520522832870483
003033.npy,23.520763397216797,0.5528669357299805,0.0,0.33224087953567505
003041.npy,26.23377799987793,0.8475542068481445,0.0,0.18043459951877594
003044.npy,20.679927825927734,0.251071959733963,0.0,0.7551171183586121
003050.npy,35.318538665771484,0.9348719120025635,0.0,0.10067672282457352
003062.npy,29.375028610229492,0.8737884163856506,0.0,0.1600480079650879
003096.npy,24.05172348022461,0.6820825934410095,0.0,0.2700900733470917
003100.npy,24.18433952331543,0.7528694272041321,0.0,0.24364584684371948
003131.npy,29.845857620239258,0.6543940305709839,0.0,0.33109158277511597
003168.npy,30.066404342651367,0.7435346245765686,0.0,0.265688955783844
003196.npy,25.550325393676758,0.7652680277824402,0.0,0.2642025351524353
